name,F1_rxnormId,F2_rxcui,F2_name,F2_synonym,F2_tty,F3_status,F3_rxcui,F3_ndc,F3_startDate,F3_endDate,Brand Name
lixisenatide,1440051,1803903,{1 (3 ML lixisenatide 0.05 MG/ML Pen Injector [Adlyxin]) / 1 (3 ML lixisenatide 0.1 MG/ML Pen Injector [Adlyxin]) } Pack [Adlyxin Starter Kit],Adlyxin Starter Kit,BPCK,direct,1803903,24574502,201609,202503,Adlyxin
lixisenatide,1440051,1803893,3 ML lixisenatide 0.05 MG/ML Pen Injector [Adlyxin],3 ML Adlyxin 0.05 MG/ML Pen Injector,SBD,direct,1803893,24574101,201609,202401,Adlyxin
lixisenatide,1440051,1803896,3 ML lixisenatide 0.1 MG/ML Pen Injector [Adlyxin],3 ML Adlyxin 0.1 MG/ML Pen Injector,SBD,direct,1803896,24574000,201609,202401,Adlyxin
lixisenatide,1440051,1803896,3 ML lixisenatide 0.1 MG/ML Pen Injector [Adlyxin],3 ML Adlyxin 0.1 MG/ML Pen Injector,SBD,direct,1803896,24574702,201609,202503,Adlyxin
lixisenatide,1440051,1859000,3 ML insulin glargine 100 UNT/ML / lixisenatide 0.033 MG/ML Pen Injector [Soliqua],Soliqua 100/33 per 3 ML Pen Injector,SBD,direct,1859000,24576101,202001,202503,Soliqua
lixisenatide,1440051,1859000,3 ML insulin glargine 100 UNT/ML / lixisenatide 0.033 MG/ML Pen Injector [Soliqua],Soliqua 100/33 per 3 ML Pen Injector,SBD,direct,1859000,24576102,202005,202503,Soliqua
lixisenatide,1440051,1859000,3 ML insulin glargine 100 UNT/ML / lixisenatide 0.033 MG/ML Pen Injector [Soliqua],Soliqua 100/33 per 3 ML Pen Injector,SBD,direct,1859000,24576105,201612,202503,Soliqua
lixisenatide,1440051,1859000,3 ML insulin glargine 100 UNT/ML / lixisenatide 0.033 MG/ML Pen Injector [Soliqua],Soliqua 100/33 per 3 ML Pen Injector,SBD,direct,1859000,24576302,201702,202503,Soliqua
dulaglutide,1551291,1551300,0.5 ML dulaglutide 1.5 MG/ML Auto-Injector [Trulicity],0.5 ML Trulicity 1.5 MG/ML Auto-Injector,SBD,direct,1551300,2143301,201411,202503,Trulicity
dulaglutide,1551291,1551300,0.5 ML dulaglutide 1.5 MG/ML Auto-Injector [Trulicity],0.5 ML Trulicity 1.5 MG/ML Auto-Injector,SBD,direct,1551300,2143361,201411,202503,Trulicity
dulaglutide,1551291,1551300,0.5 ML dulaglutide 1.5 MG/ML Auto-Injector [Trulicity],0.5 ML Trulicity 1.5 MG/ML Auto-Injector,SBD,direct,1551300,2143380,201411,202503,Trulicity
dulaglutide,1551291,1551300,0.5 ML dulaglutide 1.5 MG/ML Auto-Injector [Trulicity],0.5 ML Trulicity 1.5 MG/ML Auto-Injector,SBD,direct,1551300,50090348400,201807,202503,Trulicity
dulaglutide,1551291,1551300,0.5 ML dulaglutide 1.5 MG/ML Auto-Injector [Trulicity],0.5 ML Trulicity 1.5 MG/ML Auto-Injector,SBD,direct,1551300,50090645300,202306,202503,Trulicity
dulaglutide,1551291,1551300,0.5 ML dulaglutide 1.5 MG/ML Auto-Injector [Trulicity],0.5 ML Trulicity 1.5 MG/ML Auto-Injector,SBD,direct,1551300,54568043363,201711,201801,Trulicity
dulaglutide,1551291,1551300,0.5 ML dulaglutide 1.5 MG/ML Auto-Injector [Trulicity],0.5 ML Trulicity 1.5 MG/ML Auto-Injector,SBD,direct,1551300,54568043371,201711,201801,Trulicity
dulaglutide,1551291,1551306,0.5 ML dulaglutide 3 MG/ML Auto-Injector [Trulicity],0.5 ML Trulicity 3 MG/ML Auto-Injector,SBD,direct,1551306,2143401,201411,202503,Trulicity
dulaglutide,1551291,1551306,0.5 ML dulaglutide 3 MG/ML Auto-Injector [Trulicity],0.5 ML Trulicity 3 MG/ML Auto-Injector,SBD,direct,1551306,2143461,201411,202503,Trulicity
dulaglutide,1551291,1551306,0.5 ML dulaglutide 3 MG/ML Auto-Injector [Trulicity],0.5 ML Trulicity 3 MG/ML Auto-Injector,SBD,direct,1551306,2143480,201411,202503,Trulicity
dulaglutide,1551291,1551306,0.5 ML dulaglutide 3 MG/ML Auto-Injector [Trulicity],0.5 ML Trulicity 3 MG/ML Auto-Injector,SBD,direct,1551306,50090348300,201807,202503,Trulicity
dulaglutide,1551291,1551306,0.5 ML dulaglutide 3 MG/ML Auto-Injector [Trulicity],0.5 ML Trulicity 3 MG/ML Auto-Injector,SBD,direct,1551306,50090645600,202306,202503,Trulicity
dulaglutide,1551291,1551306,0.5 ML dulaglutide 3 MG/ML Auto-Injector [Trulicity],0.5 ML Trulicity 3 MG/ML Auto-Injector,SBD,direct,1551306,54568043463,201711,201801,Trulicity
dulaglutide,1551291,1551306,0.5 ML dulaglutide 3 MG/ML Auto-Injector [Trulicity],0.5 ML Trulicity 3 MG/ML Auto-Injector,SBD,direct,1551306,54568043471,201711,201801,Trulicity
dulaglutide,1551291,2395779,0.5 ML dulaglutide 6 MG/ML Auto-Injector [Trulicity],0.5 ML Trulicity 6 MG/ML Auto-Injector,SBD,direct,2395779,2223601,202010,202503,Trulicity
dulaglutide,1551291,2395779,0.5 ML dulaglutide 6 MG/ML Auto-Injector [Trulicity],0.5 ML Trulicity 6 MG/ML Auto-Injector,SBD,direct,2395779,2223661,202103,202503,Trulicity
dulaglutide,1551291,2395779,0.5 ML dulaglutide 6 MG/ML Auto-Injector [Trulicity],0.5 ML Trulicity 6 MG/ML Auto-Injector,SBD,direct,2395779,2223680,202010,202503,Trulicity
dulaglutide,1551291,2395779,0.5 ML dulaglutide 6 MG/ML Auto-Injector [Trulicity],0.5 ML Trulicity 6 MG/ML Auto-Injector,SBD,direct,2395779,50090546700,202104,202503,Trulicity
dulaglutide,1551291,2395779,0.5 ML dulaglutide 6 MG/ML Auto-Injector [Trulicity],0.5 ML Trulicity 6 MG/ML Auto-Injector,SBD,direct,2395779,50090657100,202309,202503,Trulicity
dulaglutide,1551291,2395785,0.5 ML dulaglutide 9 MG/ML Auto-Injector [Trulicity],0.5 ML Trulicity 9 MG/ML Auto-Injector,SBD,direct,2395785,2318201,202010,202503,Trulicity
dulaglutide,1551291,2395785,0.5 ML dulaglutide 9 MG/ML Auto-Injector [Trulicity],0.5 ML Trulicity 9 MG/ML Auto-Injector,SBD,direct,2395785,2318261,202103,202503,Trulicity
dulaglutide,1551291,2395785,0.5 ML dulaglutide 9 MG/ML Auto-Injector [Trulicity],0.5 ML Trulicity 9 MG/ML Auto-Injector,SBD,direct,2395785,2318280,202010,202503,Trulicity
semaglutide,1991302,1991311,"0.25 MG, 0.5 MG Dose 1.5 ML semaglutide 1.34 MG/ML Pen Injector [Ozempic]","OZEMPIC 2 MG per 1.5 ML Pen Injector, 0.25 or 0.5 MG Dose",SBD,direct,1991311,169413211,201801,202503,Ozempic
semaglutide,1991302,1991311,"0.25 MG, 0.5 MG Dose 1.5 ML semaglutide 1.34 MG/ML Pen Injector [Ozempic]","OZEMPIC 2 MG per 1.5 ML Pen Injector, 0.25 or 0.5 MG Dose",SBD,direct,1991311,169413212,201801,202503,Ozempic
semaglutide,1991302,1991311,"0.25 MG, 0.5 MG Dose 1.5 ML semaglutide 1.34 MG/ML Pen Injector [Ozempic]","OZEMPIC 2 MG per 1.5 ML Pen Injector, 0.25 or 0.5 MG Dose",SBD,direct,1991311,169413290,201801,202503,Ozempic
semaglutide,1991302,1991311,"0.25 MG, 0.5 MG Dose 1.5 ML semaglutide 1.34 MG/ML Pen Injector [Ozempic]","OZEMPIC 2 MG per 1.5 ML Pen Injector, 0.25 or 0.5 MG Dose",SBD,direct,1991311,169413297,201801,202503,Ozempic
semaglutide,1991302,1991311,"0.25 MG, 0.5 MG Dose 1.5 ML semaglutide 1.34 MG/ML Pen Injector [Ozempic]","OZEMPIC 2 MG per 1.5 ML Pen Injector, 0.25 or 0.5 MG Dose",SBD,direct,1991311,50090513800,202010,202307,Ozempic
semaglutide,1991302,1991311,"0.25 MG, 0.5 MG Dose 1.5 ML semaglutide 1.34 MG/ML Pen Injector [Ozempic]","OZEMPIC 2 MG per 1.5 ML Pen Injector, 0.25 or 0.5 MG Dose",SBD,direct,1991311,70518214300,201907,202208,Ozempic
semaglutide,1991302,1991317,1 MG Dose 1.5 ML semaglutide 1.34 MG/ML Pen Injector [Ozempic],"OZEMPIC 2 MG per 1.5 ML Pen Injector, 1 MG Dose",SBD,direct,1991317,169413602,201801,202501,Ozempic
semaglutide,1991302,1991317,1 MG Dose 1.5 ML semaglutide 1.34 MG/ML Pen Injector [Ozempic],"OZEMPIC 2 MG per 1.5 ML Pen Injector, 1 MG Dose",SBD,direct,1991317,169413611,201801,202503,Ozempic
semaglutide,1991302,1991317,1 MG Dose 1.5 ML semaglutide 1.34 MG/ML Pen Injector [Ozempic],"OZEMPIC 2 MG per 1.5 ML Pen Injector, 1 MG Dose",SBD,direct,1991317,50090513900,202102,202307,Ozempic
semaglutide,1991302,2200650,semaglutide 14 MG Oral Tablet [Rybelsus],Rybelsus 14 MG Oral Tablet,SBD,direct,2200650,169431401,201910,202503,Rybelsus
semaglutide,1991302,2200650,semaglutide 14 MG Oral Tablet [Rybelsus],Rybelsus 14 MG Oral Tablet,SBD,direct,2200650,169431413,201910,202503,Rybelsus
semaglutide,1991302,2200650,semaglutide 14 MG Oral Tablet [Rybelsus],Rybelsus 14 MG Oral Tablet,SBD,direct,2200650,169431430,202106,202503,Rybelsus
semaglutide,1991302,2200654,semaglutide 3 MG Oral Tablet [Rybelsus],Rybelsus 3 MG Oral Tablet,SBD,direct,2200654,169430301,201910,202503,Rybelsus
semaglutide,1991302,2200654,semaglutide 3 MG Oral Tablet [Rybelsus],Rybelsus 3 MG Oral Tablet,SBD,direct,2200654,169430313,201910,202503,Rybelsus
semaglutide,1991302,2200654,semaglutide 3 MG Oral Tablet [Rybelsus],Rybelsus 3 MG Oral Tablet,SBD,direct,2200654,169430330,202106,202503,Rybelsus
semaglutide,1991302,2200654,semaglutide 3 MG Oral Tablet [Rybelsus],Rybelsus 3 MG Oral Tablet,SBD,direct,2200654,169430390,201910,202503,Rybelsus
semaglutide,1991302,2200654,semaglutide 3 MG Oral Tablet [Rybelsus],Rybelsus 3 MG Oral Tablet,SBD,direct,2200654,169430393,201910,202503,Rybelsus
semaglutide,1991302,2200654,semaglutide 3 MG Oral Tablet [Rybelsus],Rybelsus 3 MG Oral Tablet,SBD,direct,2200654,169430399,202106,202503,Rybelsus
semaglutide,1991302,2200658,semaglutide 7 MG Oral Tablet [Rybelsus],Rybelsus 7 MG Oral Tablet,SBD,direct,2200658,169430701,201910,202503,Rybelsus
semaglutide,1991302,2200658,semaglutide 7 MG Oral Tablet [Rybelsus],Rybelsus 7 MG Oral Tablet,SBD,direct,2200658,169430713,201910,202503,Rybelsus
semaglutide,1991302,2200658,semaglutide 7 MG Oral Tablet [Rybelsus],Rybelsus 7 MG Oral Tablet,SBD,direct,2200658,169430730,202106,202503,Rybelsus
semaglutide,1991302,2398842,3 ML semaglutide 1.34 MG/ML Pen Injector [Ozempic],3 ML Ozempic 1.34 MG/ML Pen Injector,SBD,direct,2398842,169413001,202011,202503,Ozempic
semaglutide,1991302,2398842,3 ML semaglutide 1.34 MG/ML Pen Injector [Ozempic],3 ML Ozempic 1.34 MG/ML Pen Injector,SBD,direct,2398842,169413013,202011,202503,Ozempic
semaglutide,1991302,2398842,3 ML semaglutide 1.34 MG/ML Pen Injector [Ozempic],3 ML Ozempic 1.34 MG/ML Pen Injector,SBD,direct,2398842,50090594900,202206,202503,Ozempic
semaglutide,1991302,2553506,0.5 ML semaglutide 0.5 MG/ML Auto-Injector [Wegovy],Wegovy 0.25 MG per 0.5 ML Auto-Injector,SBD,direct,2553506,169452501,202107,202503,Wegovy
semaglutide,1991302,2553506,0.5 ML semaglutide 0.5 MG/ML Auto-Injector [Wegovy],Wegovy 0.25 MG per 0.5 ML Auto-Injector,SBD,direct,2553506,169452514,202107,202503,Wegovy
semaglutide,1991302,2553506,0.5 ML semaglutide 0.5 MG/ML Auto-Injector [Wegovy],Wegovy 0.25 MG per 0.5 ML Auto-Injector,SBD,direct,2553506,169452590,202107,202503,Wegovy
semaglutide,1991302,2553506,0.5 ML semaglutide 0.5 MG/ML Auto-Injector [Wegovy],Wegovy 0.25 MG per 0.5 ML Auto-Injector,SBD,direct,2553506,169452594,202107,202503,Wegovy
semaglutide,1991302,2553506,0.5 ML semaglutide 0.5 MG/ML Auto-Injector [Wegovy],Wegovy 0.25 MG per 0.5 ML Auto-Injector,SBD,direct,2553506,50090582400,202112,202503,Wegovy
semaglutide,1991302,2553603,0.5 ML semaglutide 1 MG/ML Auto-Injector [Wegovy],Wegovy 0.5 MG per 0.5 ML Auto-Injector,SBD,direct,2553603,169450501,202107,202503,Wegovy
semaglutide,1991302,2553603,0.5 ML semaglutide 1 MG/ML Auto-Injector [Wegovy],Wegovy 0.5 MG per 0.5 ML Auto-Injector,SBD,direct,2553603,169450514,202107,202503,Wegovy
semaglutide,1991302,2553803,0.5 ML semaglutide 2 MG/ML Auto-Injector [Wegovy],Wegovy 1 MG per 0.5 ML Auto-Injector,SBD,direct,2553803,169450101,202107,202503,Wegovy
semaglutide,1991302,2553803,0.5 ML semaglutide 2 MG/ML Auto-Injector [Wegovy],Wegovy 1 MG per 0.5 ML Auto-Injector,SBD,direct,2553803,169450114,202107,202503,Wegovy
semaglutide,1991302,2553903,0.75 ML semaglutide 2.27 MG/ML Auto-Injector [Wegovy],Wegovy 1.7 MG per 0.75 ML Auto-Injector,SBD,direct,2553903,169451701,202107,202503,Wegovy
semaglutide,1991302,2553903,0.75 ML semaglutide 2.27 MG/ML Auto-Injector [Wegovy],Wegovy 1.7 MG per 0.75 ML Auto-Injector,SBD,direct,2553903,169451714,202107,202503,Wegovy
semaglutide,1991302,2554104,0.75 ML semaglutide 3.2 MG/ML Auto-Injector [Wegovy],Wegovy 2.4 per 0.75 ML Auto-Injector,SBD,direct,2554104,169452401,202107,202503,Wegovy
semaglutide,1991302,2554104,0.75 ML semaglutide 3.2 MG/ML Auto-Injector [Wegovy],Wegovy 2.4 per 0.75 ML Auto-Injector,SBD,direct,2554104,169452414,202107,202503,Wegovy
semaglutide,1991302,2599365,3 ML semaglutide 2.68 MG/ML Pen Injector [Ozempic],Ozempic 8 MG per 3 ML Pen Injector,SBD,direct,2599365,169477211,202205,202503,Ozempic
semaglutide,1991302,2599365,3 ML semaglutide 2.68 MG/ML Pen Injector [Ozempic],Ozempic 8 MG per 3 ML Pen Injector,SBD,direct,2599365,169477212,202205,202503,Ozempic
semaglutide,1991302,2599365,3 ML semaglutide 2.68 MG/ML Pen Injector [Ozempic],Ozempic 8 MG per 3 ML Pen Injector,SBD,direct,2599365,169477290,202207,202503,Ozempic
semaglutide,1991302,2599365,3 ML semaglutide 2.68 MG/ML Pen Injector [Ozempic],Ozempic 8 MG per 3 ML Pen Injector,SBD,direct,2599365,169477297,202207,202503,Ozempic
semaglutide,1991302,2599365,3 ML semaglutide 2.68 MG/ML Pen Injector [Ozempic],Ozempic 8 MG per 3 ML Pen Injector,SBD,direct,2599365,50090605100,202209,202503,Ozempic
semaglutide,1991302,2619154,"0.25 MG, 0.5 MG Dose 3 ML semaglutide 0.68 MG/ML Pen Injector [Ozempic]","0.25 MG, 0.5 MG Dose 3 ML Ozempic 0.68 MG/ML Pen Injector",SBD,direct,2619154,169418103,202211,202503,Ozempic
semaglutide,1991302,2619154,"0.25 MG, 0.5 MG Dose 3 ML semaglutide 0.68 MG/ML Pen Injector [Ozempic]","0.25 MG, 0.5 MG Dose 3 ML Ozempic 0.68 MG/ML Pen Injector",SBD,direct,2619154,169418113,202211,202503,Ozempic
semaglutide,1991302,2619154,"0.25 MG, 0.5 MG Dose 3 ML semaglutide 0.68 MG/ML Pen Injector [Ozempic]","0.25 MG, 0.5 MG Dose 3 ML Ozempic 0.68 MG/ML Pen Injector",SBD,direct,2619154,169418190,202211,202503,Ozempic
semaglutide,1991302,2619154,"0.25 MG, 0.5 MG Dose 3 ML semaglutide 0.68 MG/ML Pen Injector [Ozempic]","0.25 MG, 0.5 MG Dose 3 ML Ozempic 0.68 MG/ML Pen Injector",SBD,direct,2619154,169418197,202211,202503,Ozempic
liraglutide,475968,1598268,3 ML liraglutide 6 MG/ML Pen Injector [Saxenda],3 ML Saxenda 6 MG/ML Pen Injector,SBD,direct,1598268,169280013,201502,201610,Saxenda
liraglutide,475968,1598268,3 ML liraglutide 6 MG/ML Pen Injector [Saxenda],3 ML Saxenda 6 MG/ML Pen Injector,SBD,direct,1598268,169280015,201502,202503,Saxenda
liraglutide,475968,1598268,3 ML liraglutide 6 MG/ML Pen Injector [Saxenda],3 ML Saxenda 6 MG/ML Pen Injector,SBD,direct,1598268,169280090,201502,202503,Saxenda
liraglutide,475968,1598268,3 ML liraglutide 6 MG/ML Pen Injector [Saxenda],3 ML Saxenda 6 MG/ML Pen Injector,SBD,direct,1598268,169280097,201505,202503,Saxenda
liraglutide,475968,1598268,3 ML liraglutide 6 MG/ML Pen Injector [Saxenda],3 ML Saxenda 6 MG/ML Pen Injector,SBD,direct,1598268,50090425700,202007,202503,Saxenda
liraglutide,475968,1860172,3 ML insulin degludec 100 UNT/ML / liraglutide 3.6 MG/ML Pen Injector [Xultophy],Xultophy (insulin degludec 100 UNT / liraglutide 3.6 MG/ML) per 3 ML Pen Injector,SBD,direct,1860172,169291115,201701,202503,Xultophy
liraglutide,475968,1860172,3 ML insulin degludec 100 UNT/ML / liraglutide 3.6 MG/ML Pen Injector [Xultophy],Xultophy (insulin degludec 100 UNT / liraglutide 3.6 MG/ML) per 3 ML Pen Injector,SBD,direct,1860172,169291190,201701,202503,Xultophy
liraglutide,475968,1860172,3 ML insulin degludec 100 UNT/ML / liraglutide 3.6 MG/ML Pen Injector [Xultophy],Xultophy (insulin degludec 100 UNT / liraglutide 3.6 MG/ML) per 3 ML Pen Injector,SBD,direct,1860172,169291197,201701,202503,Xultophy
liraglutide,475968,897126,3 ML liraglutide 6 MG/ML Pen Injector [Victoza],3 ML Victoza 6 MG/ML Pen Injector,SBD,direct,897126,169406012,201002,202503,Victoza
liraglutide,475968,897126,3 ML liraglutide 6 MG/ML Pen Injector [Victoza],3 ML Victoza 6 MG/ML Pen Injector,SBD,direct,897126,169406013,201002,202503,Victoza
liraglutide,475968,897126,3 ML liraglutide 6 MG/ML Pen Injector [Victoza],3 ML Victoza 6 MG/ML Pen Injector,SBD,direct,897126,169406090,201003,202503,Victoza
liraglutide,475968,897126,3 ML liraglutide 6 MG/ML Pen Injector [Victoza],3 ML Victoza 6 MG/ML Pen Injector,SBD,direct,897126,169406097,201012,202004,Victoza
liraglutide,475968,897126,3 ML liraglutide 6 MG/ML Pen Injector [Victoza],3 ML Victoza 6 MG/ML Pen Injector,SBD,direct,897126,169406098,201305,202004,Victoza
liraglutide,475968,897126,3 ML liraglutide 6 MG/ML Pen Injector [Victoza],3 ML Victoza 6 MG/ML Pen Injector,SBD,direct,897126,169406099,201503,202503,Victoza
liraglutide,475968,897126,3 ML liraglutide 6 MG/ML Pen Injector [Victoza],3 ML Victoza 6 MG/ML Pen Injector,SBD,direct,897126,50090285300,201703,202503,Victoza
liraglutide,475968,897126,3 ML liraglutide 6 MG/ML Pen Injector [Victoza],3 ML Victoza 6 MG/ML Pen Injector,SBD,direct,897126,50090450300,201911,202503,Victoza
liraglutide,475968,897126,3 ML liraglutide 6 MG/ML Pen Injector [Victoza],3 ML Victoza 6 MG/ML Pen Injector,SBD,direct,897126,54569650700,201407,201706,Victoza
liraglutide,475968,897122,3 ML liraglutide 6 MG/ML Pen Injector,liraglutide 18 MG per 3 ML Pen Injector,SCD,direct,897122,143914401,202502,202503,Liraglutide
liraglutide,475968,897122,3 ML liraglutide 6 MG/ML Pen Injector,liraglutide 18 MG per 3 ML Pen Injector,SCD,direct,897122,143914402,202501,202503,Liraglutide
liraglutide,475968,897122,3 ML liraglutide 6 MG/ML Pen Injector,liraglutide 18 MG per 3 ML Pen Injector,SCD,direct,897122,143914403,202501,202503,Liraglutide
liraglutide,475968,897122,3 ML liraglutide 6 MG/ML Pen Injector,liraglutide 18 MG per 3 ML Pen Injector,SCD,direct,897122,480366719,202408,202503,Liraglutide
liraglutide,475968,897122,3 ML liraglutide 6 MG/ML Pen Injector,liraglutide 18 MG per 3 ML Pen Injector,SCD,direct,897122,480366720,202408,202503,Liraglutide
liraglutide,475968,897122,3 ML liraglutide 6 MG/ML Pen Injector,liraglutide 18 MG per 3 ML Pen Injector,SCD,direct,897122,480366722,202408,202503,Liraglutide
liraglutide,475968,897122,3 ML liraglutide 6 MG/ML Pen Injector,liraglutide 18 MG per 3 ML Pen Injector,SCD,direct,897122,14403340001,202501,202503,Liraglutide
liraglutide,475968,897122,3 ML liraglutide 6 MG/ML Pen Injector,liraglutide 18 MG per 3 ML Pen Injector,SCD,direct,897122,14403340002,202501,202503,Liraglutide
liraglutide,475968,897122,3 ML liraglutide 6 MG/ML Pen Injector,liraglutide 18 MG per 3 ML Pen Injector,SCD,direct,897122,14403340003,202501,202503,Liraglutide
liraglutide,475968,897122,3 ML liraglutide 6 MG/ML Pen Injector,liraglutide 18 MG per 3 ML Pen Injector,SCD,direct,897122,50090750100,202503,202503,Liraglutide
exenatide,60548,1242968,exenatide 2 MG Injection [Bydureon],Bydureon 2 MG Injection,SBD,direct,1242968,310652004,201503,202201,Bydureon
exenatide,60548,1242968,exenatide 2 MG Injection [Bydureon],Bydureon 2 MG Injection,SBD,direct,1242968,66780021902,201203,201802,Bydureon
exenatide,60548,1242968,exenatide 2 MG Injection [Bydureon],Bydureon 2 MG Injection,SBD,direct,1242968,66780021904,201202,201802,Bydureon
exenatide,60548,1242968,exenatide 2 MG Injection [Bydureon],Bydureon 2 MG Injection,SBD,direct,1242968,66780022601,201203,202312,Bydureon
exenatide,60548,1990869,0.85 ML exenatide 2.35 MG/ML Auto-Injector [Bydureon],0.85 ML Bydureon 2.35 MG/ML Auto-Injector,SBD,direct,1990869,310654001,201801,202503,Bydureon
exenatide,60548,1990869,0.85 ML exenatide 2.35 MG/ML Auto-Injector [Bydureon],0.85 ML Bydureon 2.35 MG/ML Auto-Injector,SBD,direct,1990869,310654004,201801,202503,Bydureon
exenatide,60548,1990869,0.85 ML exenatide 2.35 MG/ML Auto-Injector [Bydureon],0.85 ML Bydureon 2.35 MG/ML Auto-Injector,SBD,direct,1990869,310654085,201801,202503,Bydureon
exenatide,60548,847913,60 ACTUAT exenatide 0.01 MG/ACTUAT Pen Injector [Byetta],"Byetta 250 MCG/ML Pen Injector, 2.4 ML",SBD,direct,847913,2021008,200905,201011,Byetta
exenatide,60548,847913,60 ACTUAT exenatide 0.01 MG/ACTUAT Pen Injector [Byetta],"Byetta 250 MCG/ML Pen Injector, 2.4 ML",SBD,direct,847913,310652401,201501,202503,Byetta
exenatide,60548,847913,60 ACTUAT exenatide 0.01 MG/ACTUAT Pen Injector [Byetta],"Byetta 250 MCG/ML Pen Injector, 2.4 ML",SBD,direct,847913,54868538401,200905,201907,Byetta
exenatide,60548,847913,60 ACTUAT exenatide 0.01 MG/ACTUAT Pen Injector [Byetta],"Byetta 250 MCG/ML Pen Injector, 2.4 ML",SBD,direct,847913,66029021008,200905,201206,Byetta
exenatide,60548,847913,60 ACTUAT exenatide 0.01 MG/ACTUAT Pen Injector [Byetta],"Byetta 250 MCG/ML Pen Injector, 2.4 ML",SBD,direct,847913,66780021008,200905,201212,Byetta
exenatide,60548,847913,60 ACTUAT exenatide 0.01 MG/ACTUAT Pen Injector [Byetta],"Byetta 250 MCG/ML Pen Injector, 2.4 ML",SBD,direct,847913,66780021201,200912,201712,Byetta
exenatide,60548,847913,60 ACTUAT exenatide 0.01 MG/ACTUAT Pen Injector [Byetta],"Byetta 250 MCG/ML Pen Injector, 2.4 ML",SBD,direct,847913,66914103505,200905,201206,Byetta
exenatide,60548,847913,60 ACTUAT exenatide 0.01 MG/ACTUAT Pen Injector [Byetta],"Byetta 250 MCG/ML Pen Injector, 2.4 ML",SBD,direct,847913,68258894802,201206,201409,Byetta
exenatide,60548,847917,60 ACTUAT exenatide 0.005 MG/ACTUAT Pen Injector [Byetta],"Byetta 250 MCG/ML Pen Injector, 1.2 ML",SBD,direct,847917,2021007,200905,201011,Byetta
exenatide,60548,847917,60 ACTUAT exenatide 0.005 MG/ACTUAT Pen Injector [Byetta],"Byetta 250 MCG/ML Pen Injector, 1.2 ML",SBD,direct,847917,2021009,200905,201011,Byetta
exenatide,60548,847917,60 ACTUAT exenatide 0.005 MG/ACTUAT Pen Injector [Byetta],"Byetta 250 MCG/ML Pen Injector, 1.2 ML",SBD,direct,847917,310651201,201501,202503,Byetta
exenatide,60548,847917,60 ACTUAT exenatide 0.005 MG/ACTUAT Pen Injector [Byetta],"Byetta 250 MCG/ML Pen Injector, 1.2 ML",SBD,direct,847917,310651285,201805,202004,Byetta
exenatide,60548,847917,60 ACTUAT exenatide 0.005 MG/ACTUAT Pen Injector [Byetta],"Byetta 250 MCG/ML Pen Injector, 1.2 ML",SBD,direct,847917,54868538400,200905,201907,Byetta
exenatide,60548,847917,60 ACTUAT exenatide 0.005 MG/ACTUAT Pen Injector [Byetta],"Byetta 250 MCG/ML Pen Injector, 1.2 ML",SBD,direct,847917,54868538402,201004,201212,Byetta
exenatide,60548,847917,60 ACTUAT exenatide 0.005 MG/ACTUAT Pen Injector [Byetta],"Byetta 250 MCG/ML Pen Injector, 1.2 ML",SBD,direct,847917,66029021007,200905,201206,Byetta
exenatide,60548,847917,60 ACTUAT exenatide 0.005 MG/ACTUAT Pen Injector [Byetta],"Byetta 250 MCG/ML Pen Injector, 1.2 ML",SBD,direct,847917,66780021007,200905,201712,Byetta
exenatide,60548,847917,60 ACTUAT exenatide 0.005 MG/ACTUAT Pen Injector [Byetta],"Byetta 250 MCG/ML Pen Injector, 1.2 ML",SBD,direct,847917,66780021009,200905,201605,Byetta
exenatide,60548,847917,60 ACTUAT exenatide 0.005 MG/ACTUAT Pen Injector [Byetta],"Byetta 250 MCG/ML Pen Injector, 1.2 ML",SBD,direct,847917,66914103504,200905,201206,Byetta
exenatide,60548,847917,60 ACTUAT exenatide 0.005 MG/ACTUAT Pen Injector [Byetta],"Byetta 250 MCG/ML Pen Injector, 1.2 ML",SBD,direct,847917,68258894701,201206,201409,Byetta
exenatide,60548,847910,60 ACTUAT exenatide 0.01 MG/ACTUAT Pen Injector,"exenatide 250 MCG/ML Pen Injector, 2.4 ML",SCD,direct,847910,70121168601,202501,202503,Exenatide
exenatide,60548,847915,60 ACTUAT exenatide 0.005 MG/ACTUAT Pen Injector,"exenatide 250 MCG/ML Pen Injector, 1.2 ML",SCD,direct,847915,70121168501,202501,202503,Exenatide
Tirzepatide,2601723,2601746,0.5 ML tirzepatide 10 MG/ML Auto-Injector [Mounjaro],0.5 ML Mounjaro 10 MG/ML Auto-Injector,SBD,direct,2601746,2149501,202206,202503,Mounjaro
Tirzepatide,2601723,2601746,0.5 ML tirzepatide 10 MG/ML Auto-Injector [Mounjaro],0.5 ML Mounjaro 10 MG/ML Auto-Injector,SBD,direct,2601746,2149580,202206,202503,Mounjaro
Tirzepatide,2601723,2601758,0.5 ML tirzepatide 30 MG/ML Auto-Injector [Mounjaro],0.5 ML Mounjaro 30 MG/ML Auto-Injector,SBD,direct,2601758,2145701,202206,202503,Mounjaro
Tirzepatide,2601723,2601758,0.5 ML tirzepatide 30 MG/ML Auto-Injector [Mounjaro],0.5 ML Mounjaro 30 MG/ML Auto-Injector,SBD,direct,2601758,2145780,202206,202503,Mounjaro
Tirzepatide,2601723,2601764,0.5 ML tirzepatide 5 MG/ML Auto-Injector [Mounjaro],0.5 ML Mounjaro 5 MG/ML Auto-Injector,SBD,direct,2601764,2150601,202206,202503,Mounjaro
Tirzepatide,2601723,2601764,0.5 ML tirzepatide 5 MG/ML Auto-Injector [Mounjaro],0.5 ML Mounjaro 5 MG/ML Auto-Injector,SBD,direct,2601764,2150661,202210,202503,Mounjaro
Tirzepatide,2601723,2601764,0.5 ML tirzepatide 5 MG/ML Auto-Injector [Mounjaro],0.5 ML Mounjaro 5 MG/ML Auto-Injector,SBD,direct,2601764,2150680,202206,202503,Mounjaro
Tirzepatide,2601723,2601770,0.5 ML tirzepatide 20 MG/ML Auto-Injector [Mounjaro],0.5 ML Mounjaro 20 MG/ML Auto-Injector,SBD,direct,2601770,2147101,202206,202503,Mounjaro
Tirzepatide,2601723,2601770,0.5 ML tirzepatide 20 MG/ML Auto-Injector [Mounjaro],0.5 ML Mounjaro 20 MG/ML Auto-Injector,SBD,direct,2601770,2147180,202206,202503,Mounjaro
Tirzepatide,2601723,2601776,0.5 ML tirzepatide 25 MG/ML Auto-Injector [Mounjaro],0.5 ML Mounjaro 25 MG/ML Auto-Injector,SBD,direct,2601776,2146001,202206,202503,Mounjaro
Tirzepatide,2601723,2601776,0.5 ML tirzepatide 25 MG/ML Auto-Injector [Mounjaro],0.5 ML Mounjaro 25 MG/ML Auto-Injector,SBD,direct,2601776,2146080,202206,202503,Mounjaro
Tirzepatide,2601723,2601785,0.5 ML tirzepatide 15 MG/ML Auto-Injector [Mounjaro],0.5 ML Mounjaro 15 MG/ML Auto-Injector,SBD,direct,2601785,2148401,202206,202503,Mounjaro
Tirzepatide,2601723,2601785,0.5 ML tirzepatide 15 MG/ML Auto-Injector [Mounjaro],0.5 ML Mounjaro 15 MG/ML Auto-Injector,SBD,direct,2601785,2148480,202206,202503,Mounjaro
Tirzepatide,2601723,2644399,0.5 ML tirzepatide 15 MG/ML Injection [Mounjaro],0.5 ML Mounjaro 15 MG/ML Injection,SBD,direct,2644399,2221401,202309,202503,Mounjaro
Tirzepatide,2601723,2644403,0.5 ML tirzepatide 10 MG/ML Injection [Mounjaro],0.5 ML Mounjaro 10 MG/ML Injection,SBD,direct,2644403,2124301,202309,202503,Mounjaro
Tirzepatide,2601723,2644407,0.5 ML tirzepatide 5 MG/ML Injection [Mounjaro],0.5 ML Mounjaro 5 MG/ML Injection,SBD,direct,2644407,2115201,202309,202503,Mounjaro
Tirzepatide,2601723,2644411,0.5 ML tirzepatide 30 MG/ML Injection [Mounjaro],0.5 ML Mounjaro 30 MG/ML Injection,SBD,direct,2644411,2300201,202309,202503,Mounjaro
Tirzepatide,2601723,2644415,0.5 ML tirzepatide 25 MG/ML Injection [Mounjaro],0.5 ML Mounjaro 25 MG/ML Injection,SBD,direct,2644415,2242301,202309,202503,Mounjaro
Tirzepatide,2601723,2644419,0.5 ML tirzepatide 20 MG/ML Injection [Mounjaro],0.5 ML Mounjaro 20 MG/ML Injection,SBD,direct,2644419,2234001,202309,202503,Mounjaro
Tirzepatide,2601723,2669706,0.5 ML tirzepatide 5 MG/ML Auto-Injector [Zepbound],0.5 ML Zepbound 5 MG/ML Auto-Injector,SBD,direct,2669706,2250601,202312,202503,Zepbound
Tirzepatide,2601723,2669706,0.5 ML tirzepatide 5 MG/ML Auto-Injector [Zepbound],0.5 ML Zepbound 5 MG/ML Auto-Injector,SBD,direct,2669706,2250661,202312,202503,Zepbound
Tirzepatide,2601723,2669706,0.5 ML tirzepatide 5 MG/ML Auto-Injector [Zepbound],0.5 ML Zepbound 5 MG/ML Auto-Injector,SBD,direct,2669706,2250680,202312,202503,Zepbound
Tirzepatide,2601723,2669709,0.5 ML tirzepatide 10 MG/ML Auto-Injector [Zepbound],0.5 ML Zepbound 10 MG/ML Auto-Injector,SBD,direct,2669709,2249501,202312,202503,Zepbound
Tirzepatide,2601723,2669709,0.5 ML tirzepatide 10 MG/ML Auto-Injector [Zepbound],0.5 ML Zepbound 10 MG/ML Auto-Injector,SBD,direct,2669709,2249580,202312,202503,Zepbound
Tirzepatide,2601723,2669712,0.5 ML tirzepatide 15 MG/ML Auto-Injector [Zepbound],0.5 ML Zepbound 15 MG/ML Auto-Injector,SBD,direct,2669712,2248401,202312,202503,Zepbound
Tirzepatide,2601723,2669712,0.5 ML tirzepatide 15 MG/ML Auto-Injector [Zepbound],0.5 ML Zepbound 15 MG/ML Auto-Injector,SBD,direct,2669712,2248480,202312,202503,Zepbound
Tirzepatide,2601723,2669715,0.5 ML tirzepatide 20 MG/ML Auto-Injector [Zepbound],0.5 ML Zepbound 20 MG/ML Auto-Injector,SBD,direct,2669715,2247101,202312,202503,Zepbound
Tirzepatide,2601723,2669715,0.5 ML tirzepatide 20 MG/ML Auto-Injector [Zepbound],0.5 ML Zepbound 20 MG/ML Auto-Injector,SBD,direct,2669715,2247180,202312,202503,Zepbound
Tirzepatide,2601723,2669718,0.5 ML tirzepatide 25 MG/ML Auto-Injector [Zepbound],0.5 ML Zepbound 25 MG/ML Auto-Injector,SBD,direct,2669718,2246001,202312,202503,Zepbound
Tirzepatide,2601723,2669718,0.5 ML tirzepatide 25 MG/ML Auto-Injector [Zepbound],0.5 ML Zepbound 25 MG/ML Auto-Injector,SBD,direct,2669718,2246080,202312,202503,Zepbound
Tirzepatide,2601723,2669721,0.5 ML tirzepatide 30 MG/ML Auto-Injector [Zepbound],0.5 ML Zepbound 30 MG/ML Auto-Injector,SBD,direct,2669721,2245701,202312,202503,Zepbound
Tirzepatide,2601723,2669721,0.5 ML tirzepatide 30 MG/ML Auto-Injector [Zepbound],0.5 ML Zepbound 30 MG/ML Auto-Injector,SBD,direct,2669721,2245780,202312,202503,Zepbound
Tirzepatide,2601723,2679317,0.5 ML tirzepatide 20 MG/ML Injection [Zepbound],Zepbound 10 MG per 0.5 ML Injection,SBD,direct,2679317,2134001,202405,202503,Zepbound
Tirzepatide,2601723,2679319,0.5 ML tirzepatide 25 MG/ML Injection [Zepbound],Zepbound 12.5 MG per 0.5 ML Injection,SBD,direct,2679319,2142301,202405,202503,Zepbound
Tirzepatide,2601723,2679321,0.5 ML tirzepatide 30 MG/ML Injection [Zepbound],Zepbound 15 MG per 0.5 ML Injection,SBD,direct,2679321,2200201,202405,202503,Zepbound
Tirzepatide,2601723,2679323,0.5 ML tirzepatide 5 MG/ML Injection [Zepbound],Zepbound 2.5 MG per 0.5 ML Injection,SBD,direct,2679323,2015201,202405,202503,Zepbound
Tirzepatide,2601723,2679323,0.5 ML tirzepatide 5 MG/ML Injection [Zepbound],Zepbound 2.5 MG per 0.5 ML Injection,SBD,direct,2679323,2015204,202409,202503,Zepbound
Tirzepatide,2601723,2679325,0.5 ML tirzepatide 10 MG/ML Injection [Zepbound],Zepbound 5 MG per 0.5 ML Injection,SBD,direct,2679325,2024301,202405,202503,Zepbound
Tirzepatide,2601723,2679325,0.5 ML tirzepatide 10 MG/ML Injection [Zepbound],Zepbound 5 MG per 0.5 ML Injection,SBD,direct,2679325,2024304,202409,202503,Zepbound
Tirzepatide,2601723,2679327,0.5 ML tirzepatide 15 MG/ML Injection [Zepbound],Zepbound 7.5 MG per 0.5 ML Injection,SBD,direct,2679327,2121401,202405,202503,Zepbound
